{"train": [25.589192326863607, 22.114937337239585, 18.88861344655355, 16.82325579325358, 14.080201085408529, 12.321964899698893, 12.546492385864259, 8.775282669067384, 8.78928090731303, 6.396605841318766, 5.669097264607747, 4.617871920267741, 3.5562082290649415, 3.027886072794596, 2.503184779485067, 2.716912349065145, 1.7494199434916178, 2.8063919067382814, 3.257960637410482, 2.813899199167887, 2.530986293156942, 4.858860619862875, 1.8872474233309429, 2.2296849409739177, 2.9396191438039145, 1.7644700527191162, 1.8845433950424195, 2.5308779080708823, 2.6636324246724445, 2.49337059656779, 1.6762154976526895, 1.100951643784841, 2.787756411234538, 1.513499649365743, 2.8069104592005414, 2.2167967160542807, 2.2416688442230224, 1.7438827991485595, 1.5915664196014405, 2.057636038462321, 1.7492883682250977, 1.7698549429575603, 2.4879653453826904, 1.4154516776402792, 1.773622751235962, 1.9285036722819011, 1.796817167599996, 2.300865308443705, 1.501962383588155, 2.555950101216634, 2.301749086380005, 1.5587382237116496, 3.177821747461955, 2.433600171407064, 2.129119873046875, 1.4867713133494058, 3.057077725728353, 2.9897060712178547, 2.4492810408274335, 2.1788164297739665, 2.3310448209444683, 2.4458460172017413, 1.8227118889490763, 1.9876815636952718, 2.292546260356903, 1.944552755355835, 1.8827490965525309, 1.7812120119730632, 1.9700938940048218, 2.8598812103271483, 2.0047508239746095, 1.9256003717581431, 1.0043429613113404, 2.6373009999593098, 2.465287208557129, 1.5919629096984864, 1.6009263038635253, 1.3960073550542196, 2.1666081746419272, 2.0048571944236757, 1.222808845837911, 2.276745351155599, 1.7997507095336913, 1.4615178505579631, 1.9764274915059408, 1.8313730915387472, 2.619531027475993, 2.1297419389088947, 3.1471802393595376, 2.624001916249593, 2.310503355662028, 1.6104497909545898, 1.6997063080469768], "val": [49.362060546875, 49.09152603149414, 47.72565841674805, 45.22056198120117, 41.78623580932617, 37.400726318359375, 32.12302780151367, 26.719995498657227, 22.019468307495117, 17.36383628845215, 12.3633451461792, 8.2150297164917, 6.161954402923584, 3.7171387672424316, 2.8173673152923584, 2.3966968059539795, 2.1646275520324707, 2.509849786758423, 3.275083303451538, 2.0708680152893066, 1.3087190389633179, 1.8327101469039917, 2.7277915477752686, 1.7449625730514526, 1.4762897491455078, 1.2151355743408203, 2.0321290493011475, 1.3741775751113892, 1.8421443700790405, 1.5780513286590576, 1.6451247930526733, 1.3402152061462402, 1.686269760131836, 2.329287528991699, 2.831695556640625, 2.0982062816619873, 1.59715735912323, 1.392985463142395, 1.3304320573806763, 1.3251856565475464, 1.3003861904144287, 1.2838430404663086, 0.9426946640014648, 0.9369292259216309, 0.984810471534729, 0.9555105566978455, 1.2658902406692505, 1.0579279661178589, 0.8902265429496765, 0.8431265950202942, 0.898091733455658, 1.0116713047027588, 1.1463602781295776, 1.4421498775482178, 1.463607668876648, 1.1510347127914429, 1.0340166091918945, 0.9009230732917786, 0.8678224682807922, 0.9086885452270508, 0.8257865309715271, 0.8044945597648621, 0.7937864661216736, 0.7988893985748291, 0.8084468245506287, 0.9018799066543579, 1.0884068012237549, 1.2804564237594604, 1.2698049545288086, 1.2245739698410034, 1.20220148563385, 1.1672364473342896, 1.151680827140808, 1.0868781805038452, 1.0337190628051758, 1.0229120254516602, 0.9865440726280212, 0.9811650514602661, 1.0006073713302612, 0.999295175075531, 0.9686027765274048, 0.9487817883491516, 0.9325482249259949, 0.8918943405151367, 0.8611675500869751, 0.8671157956123352, 0.8444209098815918, 0.8666508793830872, 0.8509290814399719, 0.8426446914672852, 0.847848117351532, 0.8532800674438477, 0.8669071197509766]}