{"train": [19.255708312988283, 14.108450444539388, 11.332540257771809, 9.188803482055665, 7.638469092051188, 6.313811747233073, 5.160906632741292, 4.064558283487956, 3.1289072672526044, 2.6400633176167805, 1.7047037521998087, 1.4154292106628419, 1.0398186763127646, 0.7275047063827514, 0.5578264156977336, 0.45550302465756737, 0.6850006262461344, 0.4397523760795593, 0.5662899255752564, 0.5679901679356892, 0.6443829377492268, 0.36938838561375936, 0.41396000782648723, 0.28412782748540244, 0.8424234191576639, 0.5049229502677918, 0.3170639236768087, 0.3331112345059713, 0.31460528274377186, 0.47618962128957115, 0.3400810400644938, 0.2789447506268819, 0.18320809503396351, 0.3809151281913122, 0.37608391443888345, 0.16825501918792723, 0.20913700262705484, 0.19306312004725137, 0.2458591858545939, 0.3207384089628855, 0.22113361358642578, 0.2028422345717748, 0.34775462448596955, 0.376159198085467, 0.1486305554707845, 0.14072480301062265, 0.229539958635966, 0.45497506856918335, 0.22945252458254498, 0.18914504448572794, 0.1975837474068006, 0.15745057861010234, 0.2283684531847636, 0.24753592709700267, 0.1507472405831019, 0.19569505949815114, 0.24211471478144328, 0.3201523423194885, 0.11286974747975667, 0.22213350633780163, 0.26494170824686686, 0.12296233177185059, 0.34638458490371704, 0.11538524130980174, 0.17807066738605498, 0.221048104763031, 0.19022003610928853, 0.1782957911491394, 0.12480355600516001, 0.33993820448716483, 0.1606667404373487, 0.12074371079603831, 0.2644941290219625, 0.14187344362338383, 0.14142457048098248], "val": [30.146320343017578, 29.490020751953125, 28.63888931274414, 27.37580680847168, 25.521068572998047, 22.963029861450195, 19.6791934967041, 16.01834487915039, 12.259025573730469, 8.331277847290039, 5.271998882293701, 2.931523323059082, 1.7608479261398315, 1.1916086673736572, 0.8851909041404724, 0.6701057553291321, 0.4793899655342102, 0.4173026978969574, 0.33930572867393494, 0.30921635031700134, 0.3112944960594177, 0.3370092809200287, 0.3110200762748718, 0.19546979665756226, 0.15171769261360168, 0.14298437535762787, 0.1544213593006134, 0.17842622101306915, 0.22646813094615936, 0.33720526099205017, 0.14914047718048096, 0.08937250822782516, 0.10550247877836227, 0.1282760351896286, 0.14508019387722015, 0.09455599635839462, 0.0814405158162117, 0.09302601963281631, 0.12440087646245956, 0.15081028640270233, 0.17255572974681854, 0.0957031399011612, 0.11149835586547852, 0.051562484353780746, 0.042229097336530685, 0.046730827540159225, 0.058675557374954224, 0.061355408281087875, 0.09375547617673874, 0.12583757936954498, 0.05927518010139465, 0.06072380766272545, 0.07015042752027512, 0.05109493061900139, 0.04231607913970947, 0.05221575126051903, 0.07801228016614914, 0.062238454818725586, 0.05382164940237999, 0.06503646820783615, 0.06104961037635803, 0.0482565239071846, 0.049659132957458496, 0.04576106742024422, 0.050222545862197876, 0.07039446383714676, 0.07727647572755814, 0.06474701315164566, 0.05836547538638115, 0.06103232502937317, 0.05236786603927612, 0.051165610551834106, 0.06486129015684128, 0.06677360087633133, 0.07326504588127136]}