{"train": [12.058826573689778, 8.42555700937907, 6.258075745900472, 4.76194228331248, 3.329732608795166, 2.117797263463338, 1.320155398050944, 0.9142217675844828, 0.5049882590770721, 0.4440276304880778, 0.7325138250986735, 0.46526002883911133, 0.5557358463605245, 0.3765142361323039, 0.2666870633761088, 0.8238590399424235, 0.30263922214508054, 0.27330562273661296, 0.32934901118278503, 0.2194807420174281, 0.2953827659289042, 0.3624297261238098, 0.18216197192668915, 0.24682130813598632, 0.2109904666741689, 0.18253520727157593, 0.20782595922549565, 0.16323684255282084, 0.10934249957402548, 0.31926924784978233, 0.17941330075263978, 0.261275785168012, 0.22868134280045826, 0.1883052796125412, 0.09801462888717652, 0.08664089143276214, 0.17795767188072203, 0.13289302190144855, 0.11342893441518148, 0.12111043731371561, 0.09584137201309204, 0.21561663647492726, 0.17238599359989165, 0.21249618530273437, 0.1733057826757431, 0.30270299116770427, 0.15170534551143647, 0.175649098555247, 0.17075360665718714, 0.14267523388067882, 0.10746842424074808, 0.07720824231704077, 0.1966177225112915, 0.0968317727247874, 0.17050525099039077, 0.17547325293223062, 0.1790879671772321, 0.0924597183863322, 0.08761999855438868, 0.06698074142138163, 0.23420654038588207, 0.1464138646920522, 0.07362666875123977, 0.07640105883280436, 0.10679704373081525, 0.1295388524731, 0.09747868975003561, 0.07999131480852763, 0.07356016238530477, 0.10721166754762332, 0.10968971848487855, 0.05690757582585017, 0.06069481472174327, 0.064991628130277, 0.07996229380369187, 0.09304394622643788, 0.05032730648914973, 0.06266808857520421, 0.11611204346021016, 0.14597442572315533, 0.06721070458491643, 0.04559838573137919, 0.07706996351480484, 0.1584559977054596, 0.07452529892325402, 0.06364851395289103, 0.07641791701316833, 0.07786058187484741, 0.1074748824040095, 0.11569549341996511, 0.05938246150811513, 0.06186510088543097, 0.09114317297935486], "val": [20.212390899658203, 19.958587646484375, 19.3046875, 18.039968490600586, 16.049402236938477, 13.342683792114258, 9.88088607788086, 6.377613067626953, 3.6240670680999756, 2.0200860500335693, 1.2082281112670898, 0.7426434755325317, 0.47554656863212585, 0.3815714716911316, 0.3623689115047455, 0.3379572331905365, 0.29882630705833435, 0.27491527795791626, 0.2530631422996521, 0.2718457579612732, 0.23033101856708527, 0.18590804934501648, 0.16036367416381836, 0.15748129785060883, 0.18629099428653717, 0.16008856892585754, 0.1358383148908615, 0.117808997631073, 0.11384260654449463, 0.15972484648227692, 0.21665571630001068, 0.09939803928136826, 0.08728975802659988, 0.09087719768285751, 0.0803348571062088, 0.057261209934949875, 0.11312832683324814, 0.09113290160894394, 0.05800921842455864, 0.04640805348753929, 0.06780507415533066, 0.049236465245485306, 0.04966455698013306, 0.06602061539888382, 0.08550239354372025, 0.06155221536755562, 0.06625432521104813, 0.06384170800447464, 0.04714087396860123, 0.05181536078453064, 0.06287845969200134, 0.03502824530005455, 0.03353055939078331, 0.039297860115766525, 0.03583214804530144, 0.027439752593636513, 0.0418870709836483, 0.031665872782468796, 0.03981143236160278, 0.024925261735916138, 0.042770516127347946, 0.03424252197146416, 0.023045221343636513, 0.02949834242463112, 0.045511603355407715, 0.052314531058073044, 0.03438154608011246, 0.05296449735760689, 0.03259054571390152, 0.027061237022280693, 0.026650413870811462, 0.027248824015259743, 0.028471142053604126, 0.031171977519989014, 0.03700603172183037, 0.0336543433368206, 0.029969830065965652, 0.02866084687411785, 0.02731509320437908, 0.027529781684279442, 0.02646028809249401, 0.02717014029622078, 0.02593904733657837, 0.02791748009622097, 0.02859746851027012, 0.02661125920712948, 0.0273366067558527, 0.027226775884628296, 0.030344625934958458, 0.02806614711880684, 0.026482662186026573, 0.025603150948882103, 0.027924010530114174]}