{"train": [28.476263427734374, 22.603904469807944, 19.18714853922526, 16.50785140991211, 14.239005533854167, 12.120561218261718, 10.268283271789551, 8.5414581934611, 6.997570737202962, 5.655010096232096, 4.5074237505594885, 3.407172679901123, 3.0004508018493654, 1.7684282461802165, 1.4963559230168662, 1.1215719302495322, 0.8393518169720967, 0.7264975746472676, 0.6288573801517486, 0.9593087673187256, 0.6589558442433675, 0.8002679844697317, 0.8252806584040324, 0.9465319673220317, 0.518972126642863, 0.6094415207703908, 0.43208449085553485, 1.2332622488339742, 0.6952565054098765, 0.4738149523735046, 0.4752967675526937, 0.5068485905726751, 0.7995867093404134, 0.5528874476750691, 0.4631585935751597, 0.3445138394832611, 0.6068922678629557, 0.5962749401728312, 0.3121095856030782, 0.36589634517828623, 0.36093890269597373, 0.45699177583058676, 0.4951894640922546, 0.4006306032339732, 0.4308071732521057, 0.6454091588656108, 0.6340242147445678, 0.31780808170636493, 0.3357929825782776, 0.48245680530865986, 0.8567443728446961, 0.4828469753265381, 0.41141593058904014, 0.4122718592484792, 0.342363711198171, 0.46091272433598834, 0.5200608412424723, 0.3145420600970586, 0.44037137031555174, 0.47525659600893655, 0.642768406867981, 0.2896882653236389, 0.4528976062933604, 0.6319503267606099, 0.29999876817067467, 0.7444998343785604, 0.27063257892926534, 0.367658402522405, 0.4721449693044027, 0.43742144107818604, 0.38735718925793966, 0.29571179350217186, 0.7348267038663229, 0.3847057859102885, 0.3277387797832489, 0.5953791677951813, 0.35498762925465904, 0.3056243459383647, 0.34335605104764305, 0.4219501813252767, 0.6630543947219849, 0.3227611263593038, 0.5461095770200094, 0.5595913251241048, 0.3481522977352142, 0.315039849281311, 0.31006890336672466, 0.2917999883492788, 0.31219348112742107, 0.6324723561604818, 0.7179967403411865, 0.39303494691848756, 0.37056694030761717, 0.39400964180628456, 0.7033488194147746, 0.40449506839116417, 0.34293063879013064, 0.33118801514307655, 0.31230847239494325, 0.41557324926058453, 0.33784858584403993, 0.5062334895133972], "val": [48.557464599609375, 47.620269775390625, 46.14926528930664, 43.62953567504883, 40.06517791748047, 35.5941276550293, 29.981399536132812, 23.492691040039062, 17.494855880737305, 12.527935028076172, 8.765620231628418, 6.105597019195557, 4.1934814453125, 3.0009639263153076, 2.5678584575653076, 2.903780698776245, 2.7108962535858154, 2.206808567047119, 1.4109423160552979, 1.0265896320343018, 0.882003128528595, 0.780350387096405, 0.7599941492080688, 0.8418054580688477, 1.0164130926132202, 1.07099187374115, 0.5878114104270935, 0.477595716714859, 0.5134965777397156, 0.7551561594009399, 0.7139487266540527, 0.7038089036941528, 0.5676827430725098, 0.6063801050186157, 0.5320768356323242, 0.3099256157875061, 0.23700390756130219, 0.2620112895965576, 0.28054147958755493, 0.24278831481933594, 0.24405299127101898, 0.27525824308395386, 0.25379934906959534, 0.22710736095905304, 0.20109179615974426, 0.20598764717578888, 0.182575061917305, 0.14145828783512115, 0.17199459671974182, 0.16853077709674835, 0.2060791701078415, 0.17468740046024323, 0.12827764451503754, 0.1325036734342575, 0.14833198487758636, 0.14448754489421844, 0.13932450115680695, 0.1228962168097496, 0.1371096670627594, 0.22525973618030548, 0.2656026780605316, 0.18331852555274963, 0.13873101770877838, 0.12497375160455704, 0.10495978593826294, 0.10831484943628311, 0.10332458466291428, 0.10537612438201904, 0.11380761116743088, 0.12395133078098297, 0.10821665823459625, 0.10314398258924484, 0.10838096588850021, 0.11080712080001831, 0.11321481317281723, 0.13107572495937347, 0.13222135603427887, 0.13073593378067017, 0.11901159584522247, 0.12723076343536377, 0.13157789409160614, 0.1202540174126625, 0.12025859206914902, 0.1296214908361435, 0.12327759712934494, 0.13185729086399078, 0.12608568370342255, 0.11311789602041245, 0.11611004173755646, 0.12000266462564468, 0.1373642534017563, 0.1221674457192421, 0.12891197204589844, 0.1280784010887146, 0.1305687576532364, 0.13404481112957, 0.13599370419979095, 0.1186387911438942, 0.1133069172501564, 0.11589019745588303, 0.11500997841358185, 0.1235426813364029]}