{"train": [230.56795552571614, 216.7518076578776, 207.1576914469401, 199.65325317382812, 194.77532246907552, 183.55541381835937, 177.6717732747396, 174.39874725341798, 165.76194458007814, 162.40625, 151.82451171875, 155.03651377360026, 145.60811665852864, 137.25035298665364, 130.38216349283854, 137.18496500651042, 127.9942616780599, 106.53390706380209, 113.46667912801107, 114.75887705485026, 105.88601125081381, 96.0259267171224, 102.05440673828124, 86.13137715657552, 84.95789896647135, 70.07392985026041, 78.94348373413087, 67.1797607421875, 71.62718505859375, 52.40522816975911, 59.314818445841475, 52.971778869628906, 54.08998565673828, 39.05600153605143, 44.99811045328776, 42.211954243977864, 42.14895095825195, 30.805331548055012, 37.60336418151856, 31.42619883219401, 29.820606994628907, 16.77554817199707, 39.453596623738605, 21.263150024414063, 25.471841303507485, 23.683861541748048, 24.88393580118815, 27.74655361175537, 29.457914733886717, 23.389018376668293, 29.68619575500488, 24.05939000447591, 30.390003458658853, 14.345758310953777, 24.35534159342448, 28.41349983215332, 20.438923899332682, 21.953142420450845, 20.75051981608073, 30.94822514851888, 24.293735885620116, 33.054667154947914, 23.711483510335288, 24.237503814697266, 21.052454249064127, 31.860759480794272, 12.857095464070637, 20.80635782877604, 19.911080169677735, 28.561080551147462, 20.703380839029947, 26.24742177327474, 25.847050793965657, 21.575944010416666, 20.935923767089843, 18.771691513061523, 26.283203252156575, 25.302212778727213, 23.261544926961264, 32.92992426554362, 24.76579974492391, 21.411797841389973, 21.113910547892253, 18.58254712422689, 15.600657081604004, 16.818869400024415, 22.837367312113443, 37.88180999755859, 21.890553029378257, 26.80383326212565, 30.11330820719401, 24.93806521097819, 18.103422037760417, 25.62242380777995, 34.024796676635745, 20.88803634643555, 22.53078753153483, 33.68235448201497], "val": [375.585693359375, 373.0443420410156, 370.2813415527344, 365.8002624511719, 358.9505310058594, 346.5428771972656, 329.2208557128906, 311.04534912109375, 292.4342956542969, 275.9755554199219, 259.9202575683594, 244.6406707763672, 231.843505859375, 218.16064453125, 204.9892120361328, 191.7871551513672, 180.3341064453125, 170.1068572998047, 158.0420379638672, 147.8147430419922, 140.24647521972656, 134.62705993652344, 125.73638153076172, 118.7357406616211, 108.82136535644531, 96.9112319946289, 85.427734375, 78.2977294921875, 72.85201263427734, 67.28016662597656, 61.509857177734375, 56.554176330566406, 50.98161697387695, 45.6575813293457, 38.6065673828125, 36.474727630615234, 32.8226432800293, 31.06024169921875, 32.55081558227539, 28.238773345947266, 23.478822708129883, 21.668363571166992, 20.021448135375977, 24.205930709838867, 28.945852279663086, 24.25026512145996, 17.686017990112305, 17.337186813354492, 24.030532836914062, 30.33085060119629, 34.25354766845703, 33.64548873901367, 19.76197624206543, 17.95895767211914, 17.925687789916992, 17.534875869750977, 17.07399559020996, 21.09811019897461, 23.170459747314453, 24.61738395690918, 23.043928146362305, 21.147735595703125, 17.413612365722656, 16.67624282836914, 16.22247886657715, 15.14245319366455, 14.282760620117188, 13.712048530578613, 15.093611717224121, 17.056062698364258, 18.139907836914062, 17.29117774963379, 17.463733673095703, 16.980552673339844, 17.221288681030273, 16.834012985229492, 17.608488082885742, 17.477773666381836, 17.649322509765625, 16.928503036499023, 16.686786651611328, 16.16670799255371, 16.874357223510742, 17.461511611938477, 17.596080780029297, 18.26107406616211, 18.16075325012207, 18.42267417907715, 18.184972763061523, 17.077726364135742, 17.11113739013672, 16.59320640563965, 16.458681106567383, 16.034055709838867, 15.968304634094238, 16.19338035583496, 16.15558433532715, 16.28343963623047]}