{"train": [8.894366645812989, 4.958169905344645, 3.6658697644869487, 2.8807042757670085, 2.063955720265706, 1.3950360457102458, 1.5974299510320027, 2.1428958733876544, 1.1897475878397623, 1.189880379041036, 2.5193645000457763, 1.229407823085785, 1.4303752660751343, 1.2480478366216023, 1.6684300462404886, 1.5646443208058676, 2.473158836364746, 0.9110693017641703, 1.2454955021540324, 1.4062918821970622, 1.7554537296295165, 0.9190841237703959, 1.1616803050041198, 0.8681502064069112, 1.256946869691213, 1.4037880023320517, 1.2111329476038615, 1.3011231184005738, 1.24695698817571, 1.424844471613566, 1.0327107588450113, 1.6731976350148519, 1.2046835780143739, 0.9793341596921284, 0.9660905361175537, 0.9685968001683553, 0.9246956507364908, 1.130651601155599, 1.0311824719111125, 0.8871627807617187, 0.9614845116933187, 0.6698638200759888, 0.940016794204712, 0.9110918879508972, 1.113421416282654, 1.1452383995056152, 0.9611339807510376, 1.379925513267517, 1.0414876540501912, 0.9398839314778645, 1.506405766805013, 0.9996889750162761, 1.421347943941752], "val": [24.07425880432129, 22.875839233398438, 21.094512939453125, 18.721576690673828, 15.739180564880371, 12.536450386047363, 9.029393196105957, 5.669423580169678, 4.137318134307861, 2.400965929031372, 0.8716002702713013, 0.4232423007488251, 0.40334033966064453, 0.3415822684764862, 0.4554787278175354, 0.9313154220581055, 0.6137470006942749, 0.37278833985328674, 0.1566983163356781, 0.17007677257061005, 0.19596485793590546, 0.176112100481987, 0.146743044257164, 0.17071199417114258, 0.1696479320526123, 0.1642002910375595, 0.2537249028682709, 0.20693062245845795, 0.3327064514160156, 0.35969504714012146, 0.30391818284988403, 0.25863805413246155, 0.24262462556362152, 0.23400340974330902, 0.21415813267230988, 0.18379837274551392, 0.18176309764385223, 0.17460447549819946, 0.16504168510437012, 0.1760103553533554, 0.1831444352865219, 0.18676821887493134, 0.18960408866405487, 0.1961037963628769, 0.18383611738681793, 0.17288994789123535, 0.1835455745458603, 0.1894669383764267, 0.19463834166526794, 0.19619058072566986, 0.18673337996006012, 0.19573979079723358, 0.18664851784706116]}