{"train": [223.84424336751303, 210.96075846354168, 201.9224629720052, 194.45604858398437, 187.33526204427082, 180.97820231119792, 173.9734903971354, 167.00283813476562, 160.14137064615886, 153.01510620117188, 146.18596496582032, 139.5606424967448, 132.17279866536458, 125.47529907226563, 117.99967753092447, 110.74789225260416, 102.784814453125, 95.07577107747396, 87.63230590820312, 82.1699904123942, 73.65142059326172, 65.46466903686523, 58.354593404134114, 53.186702728271484, 45.17511469523112, 39.81417490641276, 35.717367553710936, 29.40474624633789, 26.660424836476643, 20.475094668070476, 16.01335334777832, 18.622710037231446, 12.648587163289388, 10.650980250040691, 10.61170825958252, 8.98445364634196, 9.764600245157878, 11.178330357869466, 7.149779669443766, 9.183839925130208, 8.46425526936849, 7.690778541564941, 7.265032958984375, 6.677250862121582, 6.7543689727783205, 10.020164807637533, 7.73704179128011, 8.411490122477213, 9.414016882578531, 8.004486846923829, 6.267916170756022, 5.9257453918457035, 7.865277989705404, 6.541880289713542, 6.8325498580932615, 6.758319727579752, 6.514310073852539, 8.25843785603841, 7.765127817789714, 9.031020164489746, 7.19471492767334, 11.911859830220541, 5.760571479797363, 8.475025622049968, 7.3910059611002605, 7.1568234920501705, 6.474416732788086, 6.3541610399882, 8.653438631693522, 6.768359661102295, 7.874911212921143, 7.975192006429037, 9.925638135274252, 6.290496317545573, 7.651742394765218, 5.95983034769694, 11.461514600118, 8.098729610443115, 6.724022992451986, 7.883208465576172, 6.19386952718099, 8.446147314707439, 7.435096486409505, 6.588276545206706, 5.095983839035034, 8.540055020650227], "val": [371.23431396484375, 369.81805419921875, 367.43353271484375, 362.81787109375, 355.11456298828125, 343.5387878417969, 327.8702087402344, 308.4443054199219, 287.74310302734375, 268.4201354980469, 249.2614288330078, 231.135009765625, 211.7762451171875, 192.2227325439453, 173.62451171875, 155.5714874267578, 140.2111358642578, 124.22773742675781, 108.12103271484375, 92.85955047607422, 80.07972717285156, 71.45321655273438, 61.942138671875, 53.81171417236328, 47.444515228271484, 43.14155197143555, 39.81061553955078, 36.33602523803711, 32.851402282714844, 30.922956466674805, 35.92435836791992, 36.13418197631836, 30.97134780883789, 39.39385223388672, 50.04218673706055, 55.583290100097656, 45.59373092651367, 31.67313003540039, 24.34052276611328, 23.756271362304688, 30.098453521728516, 34.075313568115234, 34.26150131225586, 29.664541244506836, 25.081090927124023, 24.698328018188477, 25.246824264526367, 23.293659210205078, 22.268001556396484, 22.11972427368164, 23.389638900756836, 23.718395233154297, 22.54787254333496, 22.434179306030273, 21.362625122070312, 21.279600143432617, 22.121870040893555, 21.784862518310547, 23.22772789001465, 23.903650283813477, 22.494935989379883, 22.652463912963867, 23.985143661499023, 26.505239486694336, 28.842397689819336, 28.815073013305664, 29.485538482666016, 30.730478286743164, 31.09912109375, 31.107275009155273, 30.13398551940918, 27.927188873291016, 28.352020263671875, 27.9187068939209, 28.1102237701416, 28.49751091003418, 30.20537757873535, 28.572738647460938, 28.859603881835938, 29.6921329498291, 29.315948486328125, 28.895719528198242, 29.072620391845703, 28.23200798034668, 28.449817657470703, 28.85471534729004]}