{"train": [7.405399258931478, 5.275307019551595, 3.6911871910095213, 2.6980326970418296, 1.909224478403727, 1.2063507437705994, 1.0362672646840414, 1.9193176746368408, 1.7584519704182944, 1.045609192053477, 1.5032856027285257, 1.553523337841034, 1.3834366997083027, 0.96314683953921, 0.9655844728151958, 0.5728447675704956, 1.0375022610028586, 0.973605728149414, 0.7302095254262289, 0.9603807290395101, 0.8519675572713216, 0.872646447022756, 1.0931174119313558, 0.6953435937563578, 0.7059122403462728, 1.1427653074264525, 0.9710223038991292, 0.45187731583913165, 0.8130008339881897, 0.7305358012517293, 0.660283621152242, 0.526539546251297, 0.8785879611968994, 0.946792459487915, 0.7714928348859151, 0.590903890132904, 0.5111343463261923, 0.8816721359888713, 0.6476806243260701, 0.5218627701203028, 0.907364018758138, 0.6476073265075684, 0.5499127556880316, 0.43140912254651387, 0.4540374239285787, 0.3767124573389689, 0.7038576126098632, 0.7760728120803833], "val": [20.105192184448242, 18.938251495361328, 17.332836151123047, 14.519205093383789, 11.033626556396484, 7.453304290771484, 4.401741027832031, 2.5922935009002686, 1.6428375244140625, 0.9961255192756653, 0.6775116324424744, 0.5272740721702576, 0.5683565139770508, 0.3749513030052185, 0.2764107882976532, 0.18377815186977386, 0.16648025810718536, 0.13722918927669525, 0.29093608260154724, 0.27612632513046265, 0.15857039391994476, 0.16403158009052277, 0.18577387928962708, 0.33022624254226685, 0.28827524185180664, 0.19010727107524872, 0.19408445060253143, 0.22209082543849945, 0.2124634087085724, 0.17218512296676636, 0.1669950932264328, 0.17350958287715912, 0.17260226607322693, 0.17851008474826813, 0.1901024430990219, 0.21234460175037384, 0.2230406105518341, 0.22097265720367432, 0.22201812267303467, 0.2074405401945114, 0.19799017906188965, 0.1866704374551773, 0.20531360805034637, 0.20852728188037872, 0.202896386384964, 0.21275411546230316, 0.21549160778522491, 0.22814324498176575]}