{"train": [11.159551302591959, 8.37746852238973, 6.277497704823812, 4.562279717127482, 3.3219757715861005, 2.272699483235677, 1.7462423225243886, 0.987552801767985, 0.6885396728912989, 0.5175930043061574, 0.2986420253912608, 0.28559737304846444, 0.29609750509262084, 0.38466957211494446, 0.33157939910888673, 0.3532068729400635, 0.3440746749440829, 0.34096808830897013, 0.19948612948258718, 0.2743770211935043, 0.722629451751709, 0.3543429096539815, 0.37402265866597495, 0.2099568411707878, 0.3373287419478099, 0.21295923888683319, 0.2912995139757792, 0.5503752112388611, 0.3600627342859904, 0.43851492802302044, 0.2442263086636861, 0.16306246717770895, 0.7291809161504109, 0.21639198263486226, 0.20664292375246684, 0.23460222880045573, 0.17805713613828023, 0.22412286003430684, 0.3031492352485657, 0.16457703560590745, 0.19220743278662364, 0.19104019006093342, 0.14706428050994874, 0.1772126793861389, 0.16109100381533306, 0.10410133401552836, 0.3124032457669576, 0.18673990567525228, 0.25457362333933514, 0.21840527653694153, 0.18479192952315013, 0.0950611541668574, 0.09230528076489766, 0.15751274625460307, 0.11178644398848216, 0.11692372759183248, 0.13405901789665223, 0.09087861180305482, 0.19443944493929546, 0.16130268176396687, 0.2027223507563273, 0.17859248717625936, 0.2533965170383453, 0.12006621758143107, 0.12670583724975587, 0.16440822184085846, 0.13324721703926723, 0.10306165119012196, 0.08783289492130279, 0.17529184420903524, 0.09157266865173976, 0.15928523540496825, 0.1660203476746877, 0.15013719300429026, 0.09374936521053315, 0.09371062815189361, 0.08340057929356894, 0.19123190492391587, 0.1405608117580414, 0.0917914499839147, 0.10060652494430541, 0.1181369165579478, 0.11256709198156993, 0.09753102759520213, 0.08922146161397299, 0.08746964931488037, 0.13028948307037352, 0.11276915967464447, 0.07974064648151398, 0.07937156607707342, 0.08992753128210704, 0.0994718258579572, 0.0984289675951004, 0.07468233009179433, 0.08194163292646409, 0.1479155386487643, 0.15676172176996866, 0.08614845102032026, 0.06105851630369822, 0.09805425703525543], "val": [25.558340072631836, 24.868881225585938, 24.01801872253418, 22.801555633544922, 20.37187957763672, 17.02156639099121, 13.402053833007812, 9.82435131072998, 6.604062557220459, 4.059207916259766, 2.368999481201172, 1.383020281791687, 1.0619755983352661, 0.9442870020866394, 0.7776159644126892, 0.5308222770690918, 0.5229149460792542, 0.5077769160270691, 0.3720937669277191, 0.2831781804561615, 0.3677005469799042, 0.3746124804019928, 0.25790679454803467, 0.28268754482269287, 0.3258028030395508, 0.25191351771354675, 0.3885466754436493, 0.3194081485271454, 0.26481515169143677, 0.17182867228984833, 0.1587301343679428, 0.3133321702480316, 0.25467023253440857, 0.16457870602607727, 0.17330217361450195, 0.14584456384181976, 0.21009127795696259, 0.14013831317424774, 0.16550524532794952, 0.1364320069551468, 0.15370535850524902, 0.2878194749355316, 0.1355564445257187, 0.1499578207731247, 0.09188950061798096, 0.15780028700828552, 0.1790207028388977, 0.17305265367031097, 0.09524372965097427, 0.11420488357543945, 0.10938353836536407, 0.1034882590174675, 0.0772285982966423, 0.09613804519176483, 0.08053727447986603, 0.0910230204463005, 0.07205113023519516, 0.09228911250829697, 0.05177156254649162, 0.06851980835199356, 0.08867321163415909, 0.11952542513608932, 0.08322889357805252, 0.06223730370402336, 0.10637890547513962, 0.11344144493341446, 0.0765683576464653, 0.08489227294921875, 0.0627828985452652, 0.04447551444172859, 0.061979133635759354, 0.09244963526725769, 0.0674917921423912, 0.06441353261470795, 0.06023580580949783, 0.058439623564481735, 0.05214807391166687, 0.052917659282684326, 0.047345131635665894, 0.047285012900829315, 0.06226864084601402, 0.0582989864051342, 0.055043186992406845, 0.05535783991217613, 0.05154876038432121, 0.04799223691225052, 0.047554340213537216, 0.04604066163301468, 0.04458823800086975, 0.04686451703310013, 0.04723960906267166, 0.04853213578462601, 0.04873394966125488, 0.04799811169505119, 0.05032467469573021, 0.04768750071525574, 0.04972466826438904, 0.04906501993536949, 0.052168916910886765, 0.047260936349630356]}