{"train": [73.78073527018229, 63.89634653727214, 61.08254521687825, 58.29686482747396, 55.16444396972656, 53.439398193359374, 52.481108856201175, 53.10511322021485, 47.18274027506511, 46.58014653523763, 45.60893300374349, 43.378167215983076, 42.08942184448242, 40.46755625406901, 36.32844797770182, 36.052308019002275, 37.151048533121745, 36.869877370198566, 32.08712921142578, 36.01528727213542, 27.856480026245116, 28.457256189982097, 23.62460734049479, 29.030902608235678, 21.39394817352295, 27.322189076741537, 19.55810000101725, 23.404677963256837, 20.952127583821614, 18.883237965901692, 16.978085199991863, 20.412971878051756, 11.449402364095052, 19.136937522888182, 12.084743404388428, 16.291319561004638, 17.134896914164226, 13.034223556518555, 11.166368611653645, 13.036132049560546, 10.944689242045085, 15.067265351613363, 9.415478197733561, 15.069668896993, 9.327589925130209, 12.674711481730144, 12.625622876485188, 8.02228167851766, 8.238937377929688, 14.000272941589355, 14.823209635416667, 10.14471041361491, 13.177453676859537, 11.659877077738445, 10.850038401285808, 10.742629241943359, 8.411798731486003, 12.423943201700846, 8.568001238505046, 7.392063967386881, 9.491265360514323, 12.357314427693685, 13.063233439127604, 11.190620056788127, 14.035781987508138, 13.153462346394857, 9.402568689982097, 11.336117871602376, 16.110171190897624, 12.263400586446126, 11.302999369303386, 8.77060562769572, 8.138567225138347, 11.04924373626709, 9.30600700378418, 7.6664994557698565, 11.185898907979329, 9.191752243041993, 15.11668421427409, 12.78719622294108, 10.127486673990886], "val": [121.3706283569336, 120.23738098144531, 118.55071258544922, 115.40557098388672, 110.5926513671875, 104.17543029785156, 97.02709197998047, 90.03999328613281, 83.53700256347656, 76.78400421142578, 71.30486297607422, 67.04092407226562, 64.10601806640625, 60.9023551940918, 57.68123245239258, 54.502479553222656, 51.76300811767578, 47.39107131958008, 44.917938232421875, 43.15339279174805, 40.922298431396484, 38.13521957397461, 36.453857421875, 34.3717155456543, 31.94014549255371, 30.368642807006836, 28.52334976196289, 25.26369857788086, 23.119104385375977, 22.20907974243164, 19.98416519165039, 18.408414840698242, 17.813949584960938, 17.96947479248047, 17.197776794433594, 15.139884948730469, 13.39678955078125, 10.999650001525879, 11.57026195526123, 10.938539505004883, 8.581631660461426, 11.542216300964355, 9.262032508850098, 5.482588768005371, 4.816691875457764, 5.174533367156982, 5.024695873260498, 7.6849894523620605, 10.811091423034668, 5.798689365386963, 3.9889400005340576, 4.184123992919922, 4.216928005218506, 4.028022289276123, 4.121443271636963, 4.397204399108887, 5.600739479064941, 5.385534763336182, 5.095727920532227, 4.648410797119141, 4.763731956481934, 4.779801845550537, 4.650752067565918, 4.556313991546631, 4.541106700897217, 4.6523942947387695, 4.696852684020996, 4.952794551849365, 5.0223307609558105, 5.101255416870117, 4.9799675941467285, 5.138687610626221, 5.104289531707764, 5.341176986694336, 5.7025065422058105, 5.601283550262451, 5.591546535491943, 5.374305725097656, 5.435732364654541, 5.386684417724609, 5.106891632080078]}