{"train": [11.621400070190429, 8.008365885416667, 6.579117902119955, 4.49941946665446, 4.701111475626628, 4.02613734404246, 2.4620153427124025, 3.0269110679626463, 1.4370624939600627, 2.2265175342559815, 1.7662466446558633, 1.7592982371648154, 1.3558298428853353, 1.7134741465250651, 2.408866262435913, 1.711357021331787, 1.2157392978668213, 1.4266152461369832, 2.2654487768809, 1.6961732864379884, 2.307241598765055, 1.7745866934458414, 2.0444872856140135, 1.5941386620203655, 1.4426739851633708, 1.6699130932490032, 1.3146478652954101, 1.3676201343536376, 2.587169075012207, 1.3964410940806071, 1.9548878033955892, 1.472165870666504, 1.3772811889648438, 1.7681256055831909, 1.5189919630686441, 1.6539432684580484, 1.480278984705607, 1.4516537348429361, 1.6727588494618735, 1.3584812879562378, 1.088391117254893, 1.0045315742492675, 1.4961031595865886, 1.283296855290731, 1.3675995826721192, 1.3994990865389505, 1.5013270219167074, 1.2719409783681235, 1.1396005034446717, 1.3816122929255168, 1.851952107747396, 1.350442099571228, 1.7981553395589194, 1.6597886562347413, 1.0974937915802, 1.7743188540140789, 1.4796100656191509, 1.9782368342081706, 1.432985575993856, 1.614841604232788, 1.335029951731364, 1.396347459157308, 1.3320645570755005, 1.3151745557785035, 1.9275077819824218, 0.8508569081624349, 0.9925725380579631, 1.0174109141031902, 1.4904695351918538, 1.449414896965027, 1.277269192536672, 0.7737852017084758, 1.4385687351226806, 0.9205781817436218, 1.3811608652273815, 1.3434603492418924, 1.3133897304534912, 1.2021650473276775, 1.6165015935897826, 1.3054585774739584, 1.1219777504603068, 0.9013006607691447, 1.327616826693217, 1.0663339138031005, 1.3551576773325602, 1.7761199712753295, 1.8698402563730876], "val": [33.41245651245117, 31.99127769470215, 29.86732292175293, 26.20306396484375, 20.840808868408203, 15.673678398132324, 11.894598960876465, 8.02492618560791, 5.325469970703125, 4.448627471923828, 2.7584996223449707, 1.3649080991744995, 0.6806356310844421, 0.47634705901145935, 0.41902801394462585, 0.38724762201309204, 0.5342709422111511, 0.37486782670021057, 0.3118738830089569, 0.4014146029949188, 0.4758915901184082, 0.43233004212379456, 0.3597155213356018, 0.24493995308876038, 0.3313579261302948, 0.30142053961753845, 0.3144713044166565, 0.7102922201156616, 1.3862981796264648, 0.945569634437561, 0.4370293617248535, 0.23509429395198822, 0.2269328087568283, 0.21855603158473969, 0.2247454673051834, 0.22206024825572968, 0.21050481498241425, 0.24110794067382812, 0.2895500063896179, 0.35569077730178833, 0.47767719626426697, 0.4010310173034668, 0.37689778208732605, 0.5111104846000671, 0.7666789293289185, 0.7757387161254883, 0.8074707388877869, 0.812379777431488, 0.5973365902900696, 0.49081239104270935, 0.35526591539382935, 0.2993816137313843, 0.26443836092948914, 0.22467158734798431, 0.204558327794075, 0.1907694786787033, 0.1579773724079132, 0.1770711988210678, 0.18664830923080444, 0.23650431632995605, 0.27075573801994324, 0.23295895755290985, 0.2190713882446289, 0.25567740201950073, 0.22574298083782196, 0.21598385274410248, 0.26023468375205994, 0.2872902750968933, 0.32296881079673767, 0.2876794636249542, 0.30184206366539, 0.2722683846950531, 0.2519763112068176, 0.267461359500885, 0.27724218368530273, 0.28143733739852905, 0.2893933951854706, 0.28682705760002136, 0.296188086271286, 0.27794963121414185, 0.3045763373374939, 0.29666969180107117, 0.2584899067878723, 0.2689947783946991, 0.25087398290634155, 0.24583594501018524, 0.24404287338256836]}