{"train": [13.66773509979248, 11.69210573832194, 9.017460950215657, 8.395364952087402, 6.104060093561809, 5.237705739339193, 4.43991158803304, 3.288132603963216, 3.6263989130655925, 3.726785159111023, 2.8477204481760663, 1.8547730286916098, 2.628448708852132, 1.6133135954538982, 1.6266215165456137, 2.424707015355428, 1.6388768672943115, 1.99983704884847, 1.6385508219401042, 2.323569973309835, 2.044312071800232, 2.20721329053243, 1.4177916884422301, 2.0194801092147827, 1.5520274877548217, 1.3410597801208497, 1.6247347195943196, 1.502937134106954, 3.1120244026184083, 1.8908426364262898, 1.6246599038441976, 2.386177643140157, 1.631012511253357, 1.2308747629324595, 1.4056535561879475, 2.008751412232717, 1.9607292373975118, 1.7472877184549966, 1.360275892416636, 1.795523182551066, 1.2974522431691489, 1.5639956633249918, 1.1437859773635863, 1.8470463037490845, 1.9289090792338053, 1.736961062749227, 1.0561676025390625, 1.3286206245422363, 1.44294540087382, 1.1070130030314127, 1.8025810559590658, 1.9074083010355631, 1.7759175777435303, 2.2165609041849774, 2.209409236907959, 2.179051939646403, 1.7710579911867776, 1.4305355072021484, 1.502888552347819, 1.8121293385823567, 1.4906090180079141, 1.4509775718053182, 1.3116199334462484, 1.5566580613454184, 1.5623678684234619], "val": [30.60586929321289, 29.500585556030273, 27.627334594726562, 25.003015518188477, 21.375980377197266, 17.16548728942871, 13.096427917480469, 9.300092697143555, 5.864966869354248, 3.5604088306427, 2.245107650756836, 1.1068538427352905, 0.7761537432670593, 0.6348113417625427, 0.673947274684906, 0.7963687181472778, 0.7683826684951782, 0.7904738783836365, 0.675152063369751, 0.8736202120780945, 0.709331214427948, 0.651184618473053, 0.5552170872688293, 0.6187393665313721, 0.6113933324813843, 0.5509275794029236, 0.5122779607772827, 0.49510881304740906, 0.4892464578151703, 0.46340471506118774, 0.5813036561012268, 0.607161819934845, 0.702364444732666, 0.5758538246154785, 0.29714831709861755, 0.33767616748809814, 0.5618237257003784, 0.6362773180007935, 0.5017333626747131, 0.4390617907047272, 0.43455180525779724, 0.4763486385345459, 0.4633183181285858, 0.48734164237976074, 0.49484869837760925, 0.46766576170921326, 0.46479055285453796, 0.47040054202079773, 0.4375638961791992, 0.42447319626808167, 0.44235825538635254, 0.4430636465549469, 0.46236929297447205, 0.4776023328304291, 0.48403382301330566, 0.5113905668258667, 0.44815897941589355, 0.45584917068481445, 0.44275495409965515, 0.43889686465263367, 0.4125818908214569, 0.3907529413700104, 0.4045293927192688, 0.4272432029247284, 0.39681023359298706]}