{"train": [28.924184799194336, 22.133350118001303, 16.074584452311196, 11.73133544921875, 8.125225639343261, 5.348834005991618, 3.423851823806763, 2.436754099527995, 1.7201986948649088, 1.3190771500269571, 1.5377371072769166, 1.2036068598429361, 1.7644962151845296, 1.1329290668169658, 1.365892187754313, 0.9918759047985077, 1.0686431487401327, 1.2491284767786661, 1.775313663482666, 0.9715924183527629, 1.4207604249318442, 0.8477516829967499, 0.9834484656651815, 1.6035066922505696, 2.1190343856811524, 0.7340351581573487, 1.1826711813608806, 0.9517097314198811, 0.934811512629191, 1.1561784029006958, 0.690088419119517, 0.8613155404726665, 0.8254002253214519, 1.2109685738881428, 0.6633516410986583, 0.8381404479344686, 0.9286663850148519, 0.6185597141583761, 0.5819316148757935, 0.5998733401298523, 0.7810134410858154, 0.7766120195388794, 0.7232357740402222, 0.847906885544459, 0.7844096740086873, 0.4838510513305664, 0.6538870334625244, 1.4952154239018758, 0.9501094579696655, 0.9304693857828776, 0.5985259771347046, 0.85420347849528, 0.5468361775080363, 0.8235784451166789, 1.4174307664235433, 0.9901518901189168, 1.1529311219851175, 0.6472620844841004, 0.5024329821268717, 1.6705464045206706, 0.6664198954900106, 0.5993677457173665, 0.6995461940765381, 0.5630375564098358, 0.7207656542460124, 0.9064963221549988, 0.5106576760609944, 0.7804967085520427, 0.6520224273204803, 0.566972804069519, 0.5771861175696055, 0.504641071955363, 0.43180337150891623, 0.8601060072580974, 0.6200131177902222, 0.7826913754145305, 0.7739574869473775, 0.6943851192792256, 0.4778614362080892, 0.41342241764068605, 0.5939406553904215, 0.5681791027386983, 0.5221429506937663, 0.5576705813407898, 0.45288739999135336, 0.7453544020652771, 0.7378780921300252, 0.7555927356084188, 0.5849156618118286, 1.206110954284668, 0.5383591930071513, 0.7581350266933441, 0.6642358640829722, 0.6014303088188171, 0.4937509298324585, 0.49320995112260185, 0.8495415131251017, 0.5454491476217905, 0.6801758825778961, 0.7658273299535115, 0.887082286675771, 0.5148831526438395, 0.604279081026713, 0.4454772353172302, 1.315579209725062, 0.7959103345870971, 0.523852268854777, 0.5594067176183065, 0.5085538268089295, 0.7368902564048767, 0.6398881435394287, 0.5095288077990214, 0.41298362910747527, 0.7383426209290822, 0.7710933605829875, 0.41762415766716005], "val": [64.82657623291016, 62.983375549316406, 59.55543899536133, 54.125526428222656, 45.524513244628906, 34.952880859375, 24.63889503479004, 15.381174087524414, 9.829496383666992, 7.2923808097839355, 6.215123653411865, 5.321232795715332, 4.7957072257995605, 4.063106536865234, 4.3084845542907715, 4.197535991668701, 3.067634344100952, 2.3477303981781006, 2.149794340133667, 2.0983197689056396, 2.1352460384368896, 2.861011505126953, 2.830997943878174, 2.6530797481536865, 1.8773565292358398, 1.6361318826675415, 2.279677391052246, 2.2507894039154053, 1.6505422592163086, 1.3737783432006836, 1.2812398672103882, 2.7036609649658203, 2.052446126937866, 1.2766807079315186, 1.1085141897201538, 1.7272528409957886, 2.1950676441192627, 2.0892391204833984, 2.48429536819458, 1.643839716911316, 1.5260690450668335, 1.2633558511734009, 1.7182468175888062, 1.9777491092681885, 1.543552041053772, 1.1777443885803223, 1.0708303451538086, 1.1986048221588135, 1.0352901220321655, 1.0205343961715698, 0.9323693513870239, 1.5944933891296387, 1.757107138633728, 1.4958873987197876, 1.457356572151184, 1.370517611503601, 0.9733519554138184, 0.8819394111633301, 0.9084621667861938, 0.9736289978027344, 0.95974200963974, 0.9370018243789673, 0.9571779370307922, 0.9785556793212891, 0.9695806503295898, 0.9616026282310486, 0.929926872253418, 0.9143857359886169, 0.9401679039001465, 0.9061536192893982, 0.8971288800239563, 0.8952257037162781, 0.881929874420166, 0.9152871966362, 0.9246616363525391, 0.8831580281257629, 0.8529314994812012, 0.8516809344291687, 0.8448876738548279, 0.8547796607017517, 0.8446547389030457, 0.8653179407119751, 0.8399028778076172, 0.8430600166320801, 0.8459253311157227, 0.8233686685562134, 0.8457109332084656, 0.848182201385498, 0.8316341638565063, 0.8235163688659668, 0.8399321436882019, 0.8657259941101074, 0.8559551239013672, 0.8560871481895447, 0.8561064004898071, 0.8694637417793274, 0.8918623924255371, 0.9018644690513611, 0.9036235809326172, 0.8606977462768555, 0.8704866766929626, 0.8409760594367981, 0.8489283919334412, 0.8437504172325134, 0.8683377504348755, 0.8648161888122559, 0.8806189894676208, 0.8995189070701599, 0.8906059265136719, 0.8778516054153442, 0.8907284736633301, 0.8674802184104919, 0.875886857509613, 0.8874408006668091, 0.8476711511611938, 0.8361029028892517]}