{"train": [14.057585461934407, 8.867681503295898, 5.759619585673014, 3.390671666463216, 1.9977261424064636, 0.8289410630861919, 0.8480324606100719, 0.7401161909103393, 0.5320334295431773, 0.496745236714681, 0.45058928728103637, 0.38131488164265953, 0.32258555889129636, 0.6464979569117228, 0.8756526708602905, 0.42936260302861534, 0.37741360267003377, 0.3591183841228485, 0.6954391241073609, 0.3542962272961934, 0.29495113889376323, 0.33683048089345297, 0.23190416097640992, 0.2997298210859299, 0.33613553444544475, 0.42899078925450645, 0.3245281338691711, 0.23237616419792176, 0.4645977258682251, 0.424291185537974, 0.30710826913515726, 0.4389620363712311, 0.2791703462600708, 0.33597378929456073, 0.4490292489528656, 0.19394359985987344, 0.3499323387940725, 0.2559749682744344, 0.1948924591143926, 0.2562327901522318, 0.27939894596735637, 0.2316352258125941, 0.3147434691588084, 0.23823826412359875, 0.1908048729101817, 0.1963009814421336, 0.20536979883909226, 0.2966358631849289, 0.269783087571462, 0.16323035409053166, 0.2410407433907191, 0.20970479051272076, 0.2810824473698934, 0.1715111454327901, 0.22954991857210796, 0.20587815443674723, 0.15133730173110962, 0.31935759286085763, 0.17918680508931478, 0.2763257553180059, 0.14969314634799957, 0.17496980528036754, 0.14632415175437927, 0.2778559615214666, 0.19761227071285248, 0.15193489094575247, 0.1854388991991679, 0.2008549153804779, 0.1999772588411967, 0.2217603623867035, 0.17433173457781473, 0.2060695985953013, 0.1868679404258728, 0.14578235944112142, 0.18444375296433765, 0.18113984068234762, 0.16832369367281597, 0.2526594489812851, 0.15310884813467662, 0.19000538190205893, 0.1811384677886963, 0.15659046868483226, 0.18227284053961437, 0.1885683874289195, 0.18403836687405903, 0.19428479671478271, 0.18413577179114024, 0.15275870015223822, 0.241660213470459, 0.1651926577091217, 0.1784986138343811, 0.19267164468765258, 0.14123729368050894, 0.16469333271185557, 0.17020743290583293, 0.22781152327855428, 0.1584106743335724, 0.27037314772605897, 0.1517337610324224, 0.13781590660413107, 0.14971436659495035, 0.22189522782961527, 0.15770994226137797, 0.178861274321874], "val": [30.898046493530273, 29.59779930114746, 27.181549072265625, 23.35939598083496, 18.637495040893555, 14.126535415649414, 10.464238166809082, 7.908841609954834, 5.3695573806762695, 4.002099514007568, 2.6578729152679443, 1.6173127889633179, 1.3445708751678467, 1.1766083240509033, 1.0992511510849, 0.614001452922821, 0.5395690202713013, 0.4680653512477875, 0.3953969478607178, 0.5268382430076599, 0.3165963590145111, 0.21596963703632355, 0.2780233919620514, 0.38159409165382385, 0.3829241991043091, 0.33646756410598755, 0.09884750097990036, 0.1332128793001175, 0.13128283619880676, 0.140958771109581, 0.19137129187583923, 0.6791591644287109, 0.23824214935302734, 0.12059544771909714, 0.14140479266643524, 0.13873492181301117, 0.2593750059604645, 0.28152865171432495, 0.08141028881072998, 0.09097214043140411, 0.11671512573957443, 0.0970262959599495, 0.16441921889781952, 0.19026115536689758, 0.07248570024967194, 0.0482180193066597, 0.08374767750501633, 0.08944443613290787, 0.14247699081897736, 0.12740275263786316, 0.07337944954633713, 0.10609789192676544, 0.09676869958639145, 0.05503400042653084, 0.06354104727506638, 0.05452824756503105, 0.06741495430469513, 0.13927549123764038, 0.09601286798715591, 0.09012996405363083, 0.05814108997583389, 0.04347279295325279, 0.03896040841937065, 0.03840853273868561, 0.05012691766023636, 0.04893577843904495, 0.054112501442432404, 0.04296229034662247, 0.03197086974978447, 0.03359612450003624, 0.03506944328546524, 0.02976647950708866, 0.029255924746394157, 0.027525266632437706, 0.033786483108997345, 0.04130686819553375, 0.06000218540430069, 0.05973786115646362, 0.05954655632376671, 0.03796883299946785, 0.03903481364250183, 0.02983078919351101, 0.033150073140859604, 0.03678244352340698, 0.03459666296839714, 0.04586097598075867, 0.040429890155792236, 0.04235697537660599, 0.03494667634367943, 0.034273888915777206, 0.03070242516696453, 0.04164987429976463, 0.03871050477027893, 0.036755967885255814, 0.033533260226249695, 0.0425393246114254, 0.035628557205200195, 0.04395997151732445, 0.03624705597758293, 0.03208630904555321, 0.033200450241565704, 0.032493434846401215, 0.04244245961308479, 0.03751687705516815]}