{"train": [39.36870346069336, 34.16968638102214, 31.22569071451823, 29.12568868001302, 27.534659830729165, 22.26584218343099, 21.51048901875814, 20.860417938232423, 20.62158177693685, 16.497115707397462, 18.135856246948244, 13.803619766235352, 12.813071568806967, 10.132405344645182, 14.086712964375813, 10.642018191019694, 10.726017570495605, 12.92954610188802, 9.959449815750123, 9.52975082397461, 10.396927642822266, 7.2382652282714846, 6.526115353902181, 5.278140068054199, 8.71824410756429, 7.614653333028158, 6.128382078806559, 5.503610388437907, 6.250945027669271, 6.99895617167155, 5.040581130981446, 5.048728370666504, 7.097227636973063, 7.749336179097494, 6.800753847757975, 4.371640666325887, 6.699313672383626, 5.533956782023112, 7.904474480946859, 3.4867819786071776, 6.012823565800985, 3.7453381220499673, 5.43284912109375, 4.872381353378296, 4.808495330810547, 6.028654543558757, 6.402148564656575, 5.732355181376139, 5.306854025522868, 7.878283468882243, 3.676645215352376, 5.820587793986003, 5.419157218933106, 6.778129895528157, 5.685822836558024, 4.288327932357788, 3.715200169881185, 6.775682703653971, 5.3312893549601235, 5.497529284159342, 3.3092151641845704, 6.463245010375976], "val": [71.03448486328125, 70.04674530029297, 68.32047271728516, 65.91255950927734, 62.296810150146484, 57.405269622802734, 51.6614990234375, 45.402679443359375, 39.26145935058594, 33.588531494140625, 28.24118995666504, 23.81709098815918, 20.11624526977539, 17.544662475585938, 14.931117057800293, 13.405296325683594, 11.875490188598633, 10.081697463989258, 8.955965995788574, 8.42800521850586, 7.65521240234375, 5.6759867668151855, 4.173006534576416, 3.6956868171691895, 3.3856513500213623, 3.6247055530548096, 3.6235578060150146, 2.174487829208374, 2.585181474685669, 3.0286362171173096, 2.217139482498169, 2.0377018451690674, 2.0683257579803467, 2.296410322189331, 2.8741328716278076, 2.2255635261535645, 2.6907267570495605, 3.5882484912872314, 3.1322882175445557, 2.672447919845581, 2.5505788326263428, 2.7682950496673584, 2.8794705867767334, 2.749432325363159, 2.727590322494507, 2.75673246383667, 2.8106672763824463, 2.8782012462615967, 2.8430683612823486, 2.983876943588257, 2.9896552562713623, 3.1077141761779785, 3.177886486053467, 2.9724035263061523, 2.7657177448272705, 2.7331321239471436, 2.6381070613861084, 2.57958984375, 2.5127179622650146, 2.510608673095703, 2.608020782470703, 2.855581045150757]}