{"train": [57.61783091227213, 47.57809549967448, 40.21331532796224, 34.53713493347168, 29.153840891520183, 23.092469787597658, 19.457227738698325, 14.87255605061849, 12.065693918863932, 9.267891184488933, 6.230920346577962, 4.808467038472494, 3.1528616905212403, 3.562365182240804, 2.369205379486084, 2.5698758443196614, 2.6497419675191245, 1.9945215861002603, 1.8894068002700806, 1.7748744487762451, 2.1749311765034993, 2.051384925842285, 2.1293501377105715, 2.0962789416313172, 2.1313111941019693, 1.5782174110412597, 1.8277169704437255, 3.5583463668823243, 2.311819871266683, 2.387439489364624, 1.697099788983663, 2.2769824345906575, 1.5036146958669028, 2.1952920595804852, 3.6396369616190594, 2.56707181930542, 2.6541651248931886, 1.727716898918152, 1.3916797002156576, 3.5757165273030598, 1.834024969736735, 1.8306149164835612, 1.7769715627034506, 1.5375508864720662, 1.7115996996561686, 2.167596968015035, 1.300826088587443, 1.9415920893351237, 1.5559473832448323, 1.5086192607879638, 1.5067864497502645, 1.4034342924753824, 1.3023186683654786, 2.233534590403239, 1.601728860537211, 1.8928499539693198, 1.9213560819625854, 1.6725395361582438, 1.3180426438649495, 1.2082022507985433, 1.5452670256296794, 1.2745401779810588, 1.373449452718099, 1.4462134122848511, 1.281368621190389, 1.7857426166534425, 1.7891863663991292, 1.9424522876739503, 1.6302329540252685, 2.2861316363016764, 1.294850730895996, 1.8992191036542256, 1.4877715627352397, 1.5439576188723245, 1.417217206954956, 1.31780446767807, 1.8483245849609375, 1.3943874677022299, 1.6023406744003297, 1.74886368115743, 2.05977087020874, 1.2526372909545898, 1.6117273171742756, 1.2356114625930785, 2.419700336456299, 1.7235997994740804, 1.3844233671824138, 1.5487428347269694, 1.24340807000796, 1.7476444959640502, 1.4783987998962402, 1.2844838539759318, 1.1137654622395834, 1.8385058403015138, 1.5690540472666423, 1.0799328645070394, 1.2498674551645914, 1.2463283618291219, 1.3760708729426065, 1.5644383430480957, 1.304218852519989], "val": [122.73809051513672, 120.3099365234375, 116.81389617919922, 111.81932830810547, 105.2627944946289, 96.36998748779297, 84.72826385498047, 70.31432342529297, 54.47246170043945, 38.57561111450195, 25.198156356811523, 15.739409446716309, 11.187955856323242, 8.083454132080078, 7.6036295890808105, 6.641888618469238, 5.81288480758667, 5.115205764770508, 5.981368541717529, 5.123539447784424, 3.704714298248291, 3.1328694820404053, 4.486091136932373, 6.033005237579346, 6.131870269775391, 3.5505905151367188, 2.9608452320098877, 4.615609169006348, 4.200830936431885, 2.892200469970703, 2.953850269317627, 4.207245826721191, 4.1847991943359375, 3.9915802478790283, 3.9157121181488037, 3.4394423961639404, 2.930669069290161, 2.6736538410186768, 2.677239418029785, 2.455678701400757, 2.5811123847961426, 2.586832046508789, 2.7194643020629883, 2.9521937370300293, 2.6542861461639404, 2.4909229278564453, 2.4607245922088623, 2.4763810634613037, 2.636739492416382, 2.622299909591675, 2.6625373363494873, 2.6789519786834717, 2.65319561958313, 2.68149995803833, 2.6925618648529053, 2.536949634552002, 2.450852632522583, 2.376786708831787, 2.3286855220794678, 2.322399139404297, 2.3094334602355957, 2.3685128688812256, 2.305086135864258, 2.325498342514038, 2.349189043045044, 2.2851061820983887, 2.311912775039673, 2.305227041244507, 2.226701498031616, 2.214388608932495, 2.2123348712921143, 2.316671848297119, 2.378403902053833, 2.3922336101531982, 2.4736480712890625, 2.6480305194854736, 2.7104685306549072, 2.7111384868621826, 2.65412974357605, 2.4901461601257324, 2.473747968673706, 2.3980095386505127, 2.4072721004486084, 2.4058730602264404, 2.5432584285736084, 2.4549312591552734, 2.4896018505096436, 2.577087163925171, 2.571143865585327, 2.526521682739258, 2.5741822719573975, 2.528704881668091, 2.549168348312378, 2.5781514644622803, 2.4773831367492676, 2.428368330001831, 2.483189821243286, 2.4179322719573975, 2.4452481269836426, 2.4541738033294678, 2.4418129920959473]}