{"train": [17.3269650777181, 16.907129033406576, 16.24063402811686, 15.975650087992351, 15.426420720418294, 15.04225133260091, 14.531794993082682, 13.775909805297852, 13.036051305135091, 12.476097679138183, 11.656546529134115, 10.490710131327312, 9.861532020568848, 8.778196557362874, 7.2543874422709145, 6.293440755208334, 5.838298225402832, 4.681292279561361, 5.227886072794596, 4.293887217839559, 3.5956700166066486, 2.824757957458496, 3.190135955810547, 2.4685573895772297, 2.5364606539408365, 2.2153032620747886, 2.0631287256876627, 1.6807780901590983, 1.4425392150878906, 2.1998666763305663, 1.069841996828715, 2.704293934504191, 1.944385814666748, 1.3736572901407877, 1.6401647965113322, 1.622979505856832, 1.0771699627240499, 0.922284738222758, 0.9700443744659424, 1.071996315320333, 0.9027007301648458, 1.113877828915914, 1.1833205858866374, 1.307310199737549, 0.978346586227417, 1.2453707536061605, 1.0805033445358276, 1.4431567827860514, 1.1035774628321329, 1.237178373336792, 1.2190658728281656, 1.380303144454956, 0.8948708931605022, 0.9778034210205078, 1.0584911425908408, 0.7695350845654806, 1.0324859380722047, 1.0424426635106405, 1.4286827405293783, 1.5983963410059612, 0.9279189984003703, 1.2982948978741964, 1.5667878150939942, 1.322626813252767, 0.6907312393188476, 0.8837771654129029, 1.1328777333100637, 1.1498780091603598, 0.5754964311917623, 1.4264094988505045, 1.203622817993164, 1.1000140984853108, 1.1436684846878051, 1.0621054649353028, 1.3061731815338136, 1.158598264058431, 1.079441817601522, 1.1730601469675699, 1.5235092798868815, 1.3143665393193562, 0.8670234084129333, 1.0431038697560628, 1.1985003193219503, 1.4026932795842488, 1.1626389821370442, 1.1677544593811036, 1.6313595493634543, 1.204683748881022, 0.7658082882563273, 0.9519817153612773, 0.9244605541229248, 1.083682640393575, 0.8911351402600606, 0.6131020883719126, 1.3747925202051798, 1.2102009057998657, 0.7791704217592875, 0.7830750783284505, 1.1258103728294373, 1.0573044220606487, 0.9287647982438405, 1.2684638341267904, 0.7950949370861053, 1.11329079469045, 1.0293580214182536, 1.2284271558125814, 1.0033105254173278, 0.6436591148376465], "val": [29.945877075195312, 29.561954498291016, 29.079404830932617, 28.4558162689209, 27.6807861328125, 26.738239288330078, 25.645679473876953, 24.490554809570312, 23.238279342651367, 21.89459800720215, 20.42500114440918, 18.82942771911621, 17.198678970336914, 15.598503112792969, 14.035181999206543, 12.554404258728027, 11.172099113464355, 9.9490385055542, 8.862531661987305, 7.904609203338623, 7.057394504547119, 6.302127838134766, 5.683071136474609, 5.151646614074707, 4.661026954650879, 4.220318794250488, 3.8651978969573975, 3.5520424842834473, 3.2214508056640625, 2.9268691539764404, 2.6624042987823486, 2.423227071762085, 2.249495029449463, 2.047323226928711, 1.8781648874282837, 1.7676372528076172, 1.6103910207748413, 1.4432153701782227, 1.3418043851852417, 1.2672598361968994, 1.1867724657058716, 1.1473711729049683, 1.1114641427993774, 1.0680099725723267, 0.9803711771965027, 0.9038841128349304, 0.8510214686393738, 0.7663399577140808, 0.6709983944892883, 0.6117498278617859, 0.6039252281188965, 0.6125642657279968, 0.5879083871841431, 0.6160721778869629, 0.7134141325950623, 0.6004056334495544, 0.5380731225013733, 0.504065990447998, 0.4998103082180023, 0.4850616157054901, 0.4625025689601898, 0.4612405002117157, 0.4817098081111908, 0.5427006483078003, 0.7699713110923767, 0.9940371513366699, 0.7566019296646118, 0.3987833261489868, 0.3811022937297821, 0.3874867856502533, 0.44605085253715515, 0.38558170199394226, 0.368085116147995, 0.33291783928871155, 0.32293447852134705, 0.307796448469162, 0.2828371226787567, 0.27825310826301575, 0.30425888299942017, 0.3414568305015564, 0.38855043053627014, 0.3616209924221039, 0.31517496705055237, 0.37055864930152893, 0.3898923099040985, 0.3910615146160126, 0.34009411931037903, 0.3056321144104004, 0.31083548069000244, 0.3133030831813812, 0.3444838225841522, 0.36386314034461975, 0.33891963958740234, 0.32002803683280945, 0.3688577115535736, 0.41389456391334534, 0.3909870386123657, 0.3870771825313568, 0.3889792859554291, 0.3849579393863678, 0.3890039920806885, 0.39938226342201233, 0.4026373326778412, 0.3722350299358368, 0.3669043481349945, 0.3554267883300781, 0.34864261746406555, 0.3424883782863617]}