{"train": [14.451272328694662, 13.931854820251464, 13.572590764363607, 13.146587944030761, 13.008721542358398, 12.520040702819824, 11.9933043162028, 11.490184783935547, 11.15085900624593, 10.384507942199708, 10.305768458048503, 9.554895909627279, 8.940476926167806, 8.370112101236979, 7.566115442911784, 7.305466334025065, 7.079318110148112, 6.412393633524577, 6.3466344197591145, 5.992781448364258, 5.10213623046875, 4.355731201171875, 4.933153661092122, 4.298945617675781, 3.8499237060546876, 3.344525941212972, 3.88504737218221, 2.8191699822743734, 3.093804939587911, 2.7769768714904783, 1.3532487233479817, 2.483296338717143, 1.9821911732355753, 1.7776767412821453, 2.433120059967041, 1.5865036487579345, 1.713203001022339, 1.1201669295628867, 1.7807327429453532, 1.2724356333414713, 2.459199078877767, 1.4546082258224486, 0.8279583851496378, 1.67319811185201, 1.3984393755594888, 1.1325441678365071, 1.4256847182909647, 0.7481173276901245, 1.4262642860412598, 1.3741212844848634, 1.0453003267447154, 0.8139602422714234, 1.05366095105807, 1.173406223456065, 1.4397675355275472, 1.550115712483724, 1.8225281715393067, 1.449906380971273, 1.1170846303304036, 0.8849189837773641, 1.1960569938023886, 1.4856871922810873, 1.340605115890503, 1.1263725360234578, 1.4963134288787843, 1.3869264682133993, 0.5048750281333924, 1.2618844827016196, 0.7930237929026286, 1.2762160619099936, 0.8819616079330445, 1.6853998184204102, 0.6989792903264364, 0.6647661884625753, 1.1241683562596638, 0.9269988417625428, 1.137562092145284, 1.29581139087677, 0.8931829174359639, 1.3863630175590516, 0.8756908774375916, 0.8643309354782105, 1.352247699101766, 1.033926522731781, 0.8053146441777547, 1.0384134610493978, 1.0294818798700969, 1.327451769510905, 0.9956545193990072, 1.6100023150444032, 0.9044041643540065, 0.7999431053797404, 1.3906199932098389, 1.263572875658671, 0.9445547898610432, 0.7262951930363973, 1.0440107822418212, 1.0375515778859457, 1.268226973215739, 1.1621148427327475, 1.16672998269399, 1.227990158398946, 1.1771653672059377, 0.6322439690430959, 1.113849898179372, 0.9949888865152995, 1.476243750254313, 0.6682474136352539, 1.701590363184611, 1.240797185897827, 1.710749085744222, 1.1021441539128622, 1.000770123799642, 1.440166680018107, 0.9366193850835164, 1.1250134388605753, 1.5419244607289633, 0.9304320573806762, 1.2543857177098592, 1.0200625896453857, 0.8901746988296508, 0.9907589276631673, 0.9534595489501954, 0.8829024990399679, 1.189772907892863], "val": [25.153064727783203, 24.776100158691406, 24.302770614624023, 23.718326568603516, 22.995140075683594, 22.195480346679688, 21.41402244567871, 20.57677459716797, 19.70151710510254, 18.819082260131836, 18.00200843811035, 17.177846908569336, 16.336971282958984, 15.516593933105469, 14.707228660583496, 13.894293785095215, 13.073325157165527, 12.249908447265625, 11.45882511138916, 10.702038764953613, 9.963973999023438, 9.214385032653809, 8.437138557434082, 7.664371490478516, 6.972259044647217, 6.347751617431641, 5.777447700500488, 5.259624004364014, 4.794604301452637, 4.400720119476318, 4.040196895599365, 3.688749074935913, 3.351637363433838, 3.071528911590576, 2.8374996185302734, 2.703688144683838, 2.536200761795044, 2.3851897716522217, 2.2046449184417725, 2.0421440601348877, 1.8767048120498657, 1.772731065750122, 1.7156270742416382, 1.6248773336410522, 1.526376724243164, 1.4475475549697876, 1.3722070455551147, 1.3078209161758423, 1.2411352396011353, 1.1658624410629272, 1.135565161705017, 1.1085433959960938, 1.09142005443573, 1.0765107870101929, 1.0492507219314575, 1.0382229089736938, 0.9720021486282349, 0.8884682059288025, 0.820180356502533, 0.7653172016143799, 0.7326676845550537, 0.708770751953125, 0.7331368327140808, 0.7387237548828125, 0.7254558801651001, 0.7460565567016602, 0.7851675152778625, 0.7809169888496399, 0.7095860242843628, 0.6684149503707886, 0.6374741196632385, 0.5948923826217651, 0.5307703018188477, 0.510597288608551, 0.5014954805374146, 0.4990761876106262, 0.5472502112388611, 0.5786508917808533, 0.5890039801597595, 0.5997392535209656, 0.6123268604278564, 0.6353980302810669, 0.6061174869537354, 0.5808833241462708, 0.549832820892334, 0.5326299667358398, 0.5493913888931274, 0.5364015698432922, 0.5378767251968384, 0.5361319184303284, 0.5302465558052063, 0.5181295275688171, 0.5084629654884338, 0.4910286068916321, 0.4872840344905853, 0.5003029108047485, 0.5065596103668213, 0.5193484425544739, 0.5224084854125977, 0.5189076662063599, 0.5156745314598083, 0.5136436820030212, 0.5039097666740417, 0.5083255767822266, 0.5071218013763428, 0.5215165019035339, 0.5190431475639343, 0.5234788060188293, 0.517487108707428, 0.5193703770637512, 0.5169523358345032, 0.5087767839431763, 0.49753352999687195, 0.5018088817596436, 0.5065826177597046, 0.5040116310119629, 0.5064241290092468, 0.5101232528686523, 0.5060772895812988, 0.4997358024120331, 0.5059298276901245, 0.49796614050865173, 0.48886847496032715, 0.49489545822143555, 0.4991559684276581]}