{"train": [72.31159311930338, 71.02906697591146, 69.64355112711588, 68.50739440917968, 66.95487670898437, 65.40221862792968, 64.73484649658204, 63.586021931966144, 61.533609517415364, 59.2012585957845, 57.2562510172526, 56.6502446492513, 52.73379872639974, 50.53775482177734, 47.93102823893229, 45.00748036702474, 41.063263702392575, 38.005141194661455, 35.971405029296875, 33.090172576904294, 29.567838033040363, 29.499545288085937, 26.34434369405111, 21.9361873626709, 21.47780418395996, 21.815523529052733, 17.555152002970377, 18.45773474375407, 16.889480336507162, 15.266760762532552, 14.414867146809895, 14.65875384012858, 13.297267659505208, 11.96384334564209, 9.682298787434895, 9.678020350138347, 10.311702919006347, 13.688961092631022, 8.65525124867757, 9.040458043416342, 11.16512664159139, 8.162103017171225, 7.6849525451660154, 6.958259614308675, 6.167271995544434, 7.929141998291016, 8.053146934509277, 5.184390258789063, 6.738998444875081, 6.498142051696777, 6.82737979888916, 6.421919377644857, 6.995881096522013, 5.806028842926025, 5.024870332082113, 5.755108165740967, 7.274786790211995, 8.623446305592855, 7.595036125183105, 6.134214274088541, 5.454322115580241, 5.879698753356934, 5.851438967386882, 6.086461798350016, 5.513443406422933, 5.867288223902384, 5.825109163920085, 5.092633247375488, 5.728622722625732, 5.148394966125489, 4.669821739196777, 5.422766017913818, 6.347357432047526, 4.919293530782064, 5.973047320048014, 5.789986483256022, 6.145901807149252, 4.097247711817423, 5.517443720499674, 6.0327140172322595, 4.275836324691772, 4.532859881718953, 5.088954416910807, 3.378177801767985, 5.724803034464518, 5.887311299641927, 5.3569287618001304, 5.443108240763347, 6.139060846964518, 5.912663809458414, 4.447872543334961, 5.655315653483073, 4.56324036916097, 5.242503484090169, 5.900444952646891, 5.42922887802124, 5.243815739949544, 5.5166875203450525, 5.022871462504069, 6.052128378550211, 5.178353563944499, 4.911482699712118, 5.913261477152506, 5.585591888427734, 6.123218727111817, 7.861897659301758, 5.843580309549967, 5.287465063730876, 5.385357427597046, 6.084626738230387, 5.651461935043335, 5.37331927617391, 4.265664196014404, 4.34421885808309, 5.634168338775635, 5.821610291798909, 6.201414267222087, 6.2904616038004555, 5.264705848693848, 4.4058637619018555, 6.428930791219075, 6.772835938135783, 6.295099004109701, 5.52495584487915, 6.093975671132406, 6.33798770904541, 4.196904913584391], "val": [121.10237121582031, 119.87518310546875, 118.51165008544922, 117.01567840576172, 115.2062759399414, 112.90838623046875, 110.37508392333984, 107.8284912109375, 105.1187973022461, 102.29278564453125, 99.30367279052734, 95.98412322998047, 92.1932601928711, 88.21300506591797, 84.09577178955078, 79.92142486572266, 75.38134765625, 70.58609008789062, 66.03709411621094, 61.7516975402832, 57.7314453125, 54.0123176574707, 50.56067657470703, 47.17219543457031, 43.822383880615234, 40.7442626953125, 38.01702880859375, 35.5383186340332, 33.27960205078125, 31.150373458862305, 29.083606719970703, 27.0867862701416, 25.210895538330078, 23.4054012298584, 21.702472686767578, 20.11270523071289, 18.70000648498535, 17.454938888549805, 16.2680721282959, 15.22000789642334, 14.246110916137695, 13.673697471618652, 13.087661743164062, 12.538012504577637, 11.891419410705566, 11.20667552947998, 10.435505867004395, 10.010149002075195, 9.435812950134277, 8.9735746383667, 8.433146476745605, 7.916102886199951, 7.453312873840332, 7.069794654846191, 6.953586578369141, 6.757747173309326, 6.569581031799316, 6.280096054077148, 5.8314032554626465, 5.572134494781494, 5.265719890594482, 4.904710292816162, 4.609892845153809, 4.252299785614014, 4.073619842529297, 3.9075896739959717, 3.862791061401367, 3.843632221221924, 3.681957960128784, 3.4516453742980957, 3.2267181873321533, 3.1996147632598877, 3.2844650745391846, 3.718820333480835, 4.138087749481201, 3.38779616355896, 3.344181776046753, 3.238694906234741, 2.9577748775482178, 2.870565414428711, 2.67039155960083, 2.562082290649414, 2.5444765090942383, 2.5922818183898926, 2.5677945613861084, 2.571531057357788, 2.5386922359466553, 2.5843441486358643, 2.798342227935791, 2.908334255218506, 2.9641335010528564, 2.812070846557617, 2.6189613342285156, 2.50128436088562, 2.4870307445526123, 2.4168059825897217, 2.3375980854034424, 2.3467588424682617, 2.4730851650238037, 2.4614322185516357, 2.6069443225860596, 2.594449520111084, 2.5149178504943848, 2.455278158187866, 2.455409526824951, 2.4245963096618652, 2.413429021835327, 2.4984138011932373, 2.451038122177124, 2.429671049118042, 2.4522712230682373, 2.478557586669922, 2.4835994243621826, 2.4980075359344482, 2.4530625343322754, 2.5186407566070557, 2.5324504375457764, 2.5890612602233887, 2.5446155071258545, 2.5853092670440674, 2.5220141410827637, 2.5222930908203125, 2.5277764797210693, 2.493210554122925, 2.429399251937866, 2.4294402599334717, 2.4921646118164062]}